cik,ticker,title
2088805,IPXG,Inflection Point Acquisition Corp. VII
2145659,JTTT,JATT III Acquisition Corp
1711012,VAI,Valor Energy Incorporated
811831,NBN,Northeast Bancorp historical SEC filer
2044671,HIFS,Hingham Institution for Savings
794619,AMWD,American Woodmark Corp
1808665,ASRT,ASSERTIO HOLDINGS INC.
1606498,AVNS,AVANOS MEDICAL INC.
1633931,BLD,TopBuild Corp
1141103,CCRN,Cross Country Healthcare Inc.
1133470,CVGW,CALAVO GROWERS INC.
712515,EA,ELECTRONIC ARTS INC.
1041934,EDAP,EDAP TMS SA
351789,ELSE,Electro-Sensors Inc.
906107,EQR,EQUITY RESIDENTIAL
1047340,FDP,FRESH DEL MONTE PRODUCE INC
923139,FFIC,FLUSHING FINANCIAL CORPORATION
35527,FITBI,FIFTH THIRD BANCORP
355019,FONR,FONAR CORPORATION
1800227,IAC,IAC Inc.
1348911,KALV,KalVista Pharmaceuticals Inc.
1408100,KW,Kennedy-Wilson Holdings Inc.
1409970,LC,LendingClub Corporation
1335105,LIXT,LIXTE BIOTECHNOLOGY HOLDINGS INC.
1640384,LMFA,LM FUNDING AMERICA INC.
937556,MASI,MASIMO CORP
1493225,NFBK,Northfield Bancorp Inc.
720154,NOTV,INOTIV INC.
1127703,PRA,ProAssurance Corporation
1095981,PSTV,PLUS THERAPEUTICS INC.
1415404,SATS,EchoStar Corporation
895447,SCVL,Shoe Carnival Inc.
1320414,SEM,SELECT MEDICAL HOLDINGS CORP
827187,SNBR,SLEEP NUMBER CORPORATION
1169445,TBRG,TruBridge Inc.
1489096,THR,THERMON GROUP HOLDINGS INC.
1562476,TMHC,Taylor Morrison Home Corp
101594,USEG,US ENERGY CORP
924901,VRE,VERIS RESIDENTIAL INC.
1411494,APO,APOLLO GLOBAL MANAGEMENT LLC
1364742,BLK,BLACKROCK INC.
1157762,CAAS,CHINA AUTOMOTIVE SYSTEMS INC
701221,CI,CIGNA CORP
1000229,CLB,CORE LABORATORIES N V
30554,DD,DUPONT E I DE NEMOURS & CO
1001039,DIS,WALT DISNEY CO
1438231,DMRC,DIGIMARC CORP
1316517,KNDI,KANDI TECHNOLOGIES GROUP INC
1341318,LSBK,LAKE SHORE BANCORP INC
1058057,MRVL,MARVELL TECHNOLOGY GROUP LTD
1354772,NECB,NORTHEAST COMMUNITY BANCORP INC
73088,NWE,NORTHWESTERN CORP
73020,NWN,NORTHWEST NATURAL GAS CO
1115055,PNFP,PINNACLE FINANCIAL PARTNERS INC
353569,QDEL,QUIDEL CORP
1104188,SOHU,SOHU COM INC
92416,SWX,SOUTHWEST GAS CORP
97517,TPL,TEXAS PACIFIC LAND TRUST
1293282,TTGT,TECHTARGET INC
1602065,VNOM,VIPER ENERGY PARTNERS LP
34088,XOM,EXXON MOBIL CORP
108772,XRX,XEROX CORP
